dimensao,buracos,monstros,taxa_vitoria,morte_buraco,morte_monstro,travamento,score_medio,desvio_padrao
4,1,1,100.00,0.00,0.00,0.00,1189.46,5.98
4,1,2,95.60,0.40,2.50,1.50,1113.97,372.47
4,1,3,73.20,1.90,21.80,3.10,660.77,899.54
4,2,1,94.30,5.70,0.00,0.00,1067.13,498.26
4,2,2,77.20,12.80,7.00,3.00,743.34,846.62
4,2,3,44.50,16.60,32.60,6.30,95.89,1018.06
4,3,1,67.50,32.00,0.00,0.50,514.27,981.47
4,3,2,45.60,38.70,10.30,5.40,110.88,1022.73
4,3,3,25.70,36.20,33.20,4.90,-319.18,923.83
5,1,1,100.00,0.00,0.00,0.00,1181.92,6.05
5,1,2,98.40,0.00,1.30,0.30,1150.15,249.33
5,1,3,88.90,0.40,9.20,1.50,962.97,637.43
5,1,4,71.50,0.60,26.80,1.10,598.72,937.11
5,1,5,46.10,0.70,52.10,1.10,67.32,1043.53
5,2,1,98.20,1.80,0.00,0.00,1141.67,286.54
5,2,2,91.90,4.60,2.30,1.20,1024.46,542.34
5,2,3,76.00,7.30,14.10,2.60,704.89,869.78
5,2,4,50.80,8.90,37.50,2.80,184.90,1033.86
5,2,5,29.40,10.50,58.50,1.60,-281.17,959.83
5,3,1,87.00,13.00,0.00,0.00,906.42,713.46
5,3,2,74.60,19.40,4.40,1.60,663.62,903.00
5,3,3,56.80,25.40,15.20,2.60,308.45,1021.62
5,3,4,32.40,27.10,38.50,2.00,-209.86,981.82
5,3,5,17.10,23.40,57.50,2.00,-534.07,801.29
5,4,1,61.80,38.20,0.00,0.00,377.90,1026.47
5,4,2,48.50,43.30,6.70,1.50,114.49,1049.95
5,4,3,34.40,43.30,20.20,2.10,-171.32,998.03
5,4,4,18.90,42.00,37.80,1.30,-501.22,828.85
5,4,5,9.40,38.40,50.80,1.40,-704.15,628.29
5,5,1,39.00,60.80,0.00,0.20,-98.33,1030.47
5,5,2,28.50,64.80,6.10,0.60,-305.95,950.17
5,5,3,18.00,60.60,20.80,0.60,-530.44,814.69
5,5,4,11.30,52.00,35.70,1.00,-671.24,678.22
5,5,5,6.80,48.00,44.20,1.00,-766.76,546.01
6,1,1,100.00,0.00,0.00,0.00,1174.35,7.07
6,1,2,99.60,0.00,0.20,0.20,1165.94,107.95
6,1,3,97.10,0.00,2.60,0.30,1114.37,338.89
6,1,4,86.70,0.30,11.80,1.20,905.15,695.43
6,1,5,68.50,0.30,29.90,1.30,529.98,960.05
6,1,6,49.90,0.40,49.30,0.40,128.67,1051.08
6,1,7,31.90,0.10,67.40,0.60,-245.13,980.86
6,1,8,20.60,0.10,78.80,0.50,-483.72,855.25
6,2,1,98.70,1.30,0.00,0.00,1143.14,247.01
6,2,2,97.30,1.40,1.10,0.20,1114.82,337.62
6,2,3,90.10,3.60,5.20,1.10,973.15,609.14
6,2,4,77.50,4.60,17.10,0.80,707.32,871.03
6,2,5,58.00,6.60,34.60,0.80,299.28,1033.94
6,2,6,41.40,7.00,50.50,1.10,-37.96,1028.93
6,2,7,24.50,7.10,67.70,0.70,-409.08,912.70
6,2,8,13.40,5.80,80.40,0.40,-637.80,724.40
6,3,1,94.60,5.40,0.00,0.00,1055.77,478.91
6,3,2,87.60,9.80,1.70,0.90,919.69,677.85
6,3,3,77.70,12.60,8.30,1.40,717.29,860.79
6,3,4,61.70,15.40,21.30,1.60,384.39,1011.14
6,3,5,43.20,17.50,38.00,1.30,-5.07,1038.50
6,3,6,29.10,15.70,54.40,0.80,-302.04,955.52
6,3,7,17.20,17.40,65.00,0.40,-558.83,799.74
6,3,8,9.50,13.70,76.80,0.00,-725.90,624.08
6,4,1,81.30,18.70,0.00,0.00,776.86,823.88
6,4,2,72.70,22.80,3.10,1.40,611.31,926.47
6,4,3,61.50,27.30,10.00,1.20,374.52,1018.67
6,4,4,45.60,28.90,23.10,2.40,58.04,1037.83
6,4,5,30.10,32.90,36.20,0.80,-283.05,965.56
6,4,6,18.90,29.10,51.50,0.50,-523.28,829.24
6,4,7,10.00,25.20,64.00,0.80,-707.98,642.70
6,4,8,6.20,24.50,69.00,0.30,-794.15,520.37
6,5,1,63.00,36.90,0.00,0.10,392.93,1019.26
6,5,2,54.40,40.90,4.60,0.10,215.08,1049.73
6,5,3,46.30,42.80,9.50,1.40,62.28,1043.11
6,5,4,28.90,46.00,23.90,1.20,-302.51,953.26
6,5,5,19.50,43.70,36.20,0.60,-507.98,838.71
6,5,6,12.60,40.30,46.80,0.30,-660.68,706.95
6,5,7,6.10,34.90,58.30,0.70,-792.18,518.04
6,5,8,3.50,32.00,64.40,0.10,-861.71,401.35
6,6,1,44.00,55.90,0.00,0.10,-8.46,1052.26
6,6,2,36.40,58.10,4.90,0.60,-155.76,1014.39
6,6,3,29.70,55.90,14.00,0.40,-296.91,964.53
6,6,4,18.20,59.30,21.90,0.60,-536.90,817.79
6,6,5,10.20,57.20,31.90,0.70,-707.21,647.97
6,6,6,7.20,51.40,41.20,0.20,-774.36,554.67
6,6,7,3.50,47.60,48.80,0.10,-858.25,400.84
6,6,8,2.20,37.20,60.50,0.10,-889.04,326.07
6,7,1,27.10,72.90,0.00,0.00,-363.49,942.60
6,7,2,21.50,74.30,4.10,0.10,-477.89,871.42
6,7,3,16.20,72.30,11.30,0.20,-589.35,783.80
6,7,4,9.90,68.20,21.60,0.30,-721.27,639.12
6,7,5,7.80,60.60,31.50,0.10,-766.55,574.40
6,7,6,4.20,53.00,42.70,0.10,-847.82,435.36
6,7,7,1.40,50.70,47.50,0.40,-895.05,272.86
6,7,8,0.50,45.20,54.20,0.10,-921.20,178.66
6,8,1,19.00,81.00,0.00,0.00,-534.92,834.21
6,8,2,13.50,82.10,4.40,0.00,-650.05,728.67
6,8,3,9.80,77.70,12.30,0.20,-721.81,635.78
6,8,4,5.40,75.60,18.90,0.10,-817.83,487.48
6,8,5,3.50,70.30,26.20,0.00,-860.79,400.03
6,8,6,2.50,60.90,36.60,0.00,-885.30,343.94
6,8,7,2.00,54.00,43.60,0.40,-893.75,316.96
6,8,8,0.70,47.30,51.50,0.50,-918.99,211.07
8,1,1,100.00,0.00,0.00,0.00,1153.35,10.51
8,1,2,99.90,0.00,0.00,0.10,1147.93,33.95
8,1,3,99.60,0.00,0.30,0.10,1137.86,121.77
8,1,4,97.90,0.00,1.80,0.30,1103.15,283.69
8,1,5,93.70,0.00,6.00,0.30,1013.93,500.12
8,1,6,88.70,0.10,10.70,0.50,910.99,656.38
8,1,7,77.10,0.00,22.40,0.50,672.01,872.03
8,1,8,67.60,0.10,32.00,0.30,471.52,978.26
8,1,9,49.80,0.00,50.00,0.20,102.02,1045.70
8,1,10,38.00,0.00,61.80,0.20,-145.38,1020.19
8,1,11,26.10,0.30,73.60,0.00,-393.84,924.67
8,1,12,17.60,0.20,82.20,0.00,-575.36,805.40
8,1,13,11.50,0.00,88.50,0.00,-710.86,679.40
8,1,14,8.00,0.10,91.90,0.00,-777.58,578.44
8,1,15,4.70,0.00,95.30,0.00,-850.46,455.95
8,2,1,99.80,0.20,0.00,0.00,1144.73,96.91
8,2,2,99.30,0.50,0.20,0.00,1130.79,178.55
8,2,3,97.90,0.70,0.70,0.70,1105.78,262.08
8,2,4,96.40,0.60,2.60,0.40,1070.58,375.10
8,2,5,91.80,1.10,6.60,0.50,975.68,560.89
8,2,6,84.10,1.80,13.30,0.80,818.91,751.38
8,2,7,72.40,2.50,24.30,0.80,575.36,928.02
8,2,8,58.30,2.50,38.60,0.60,281.29,1029.88
8,2,9,44.70,3.20,51.80,0.30,-6.09,1042.14
8,2,10,32.40,3.10,64.30,0.20,-260.94,982.52
8,2,11,24.70,3.60,71.70,0.00,-428.52,910.42
8,2,12,14.60,4.30,81.00,0.10,-637.54,748.03
8,2,13,9.90,3.00,87.10,0.00,-739.96,635.40
8,2,14,6.80,2.60,90.60,0.00,-811.01,539.70
8,2,15,4.00,2.30,93.70,0.00,-866.25,423.99
8,3,1,98.30,1.70,0.00,0.00,1107.35,277.23
8,3,2,98.30,1.30,0.40,0.00,1106.73,271.54
8,3,3,97.00,2.20,0.60,0.20,1080.05,352.76
8,3,4,94.00,2.50,3.00,0.50,1020.08,483.89
8,3,5,86.10,3.10,10.20,0.60,856.18,716.08
8,3,6,75.60,5.30,18.30,0.80,641.82,888.19
8,3,7,66.40,5.80,27.20,0.60,448.04,984.09
8,3,8,51.00,7.50,40.20,1.30,135.68,1040.02
8,3,9,36.80,8.30,54.70,0.20,-171.85,1012.18
8,3,10,22.90,7.60,69.30,0.20,-466.62,888.41
8,3,11,16.90,8.80,74.30,0.00,-591.43,790.88
8,3,12,11.20,7.90,80.90,0.00,-719.10,670.98
8,3,13,8.50,7.40,84.10,0.00,-770.90,594.13
8,3,14,5.00,7.30,87.70,0.00,-845.54,468.41
8,3,15,3.00,7.40,89.60,0.00,-889.29,371.28
8,4,1,96.60,3.40,0.00,0.00,1069.45,382.39
8,4,2,95.80,3.70,0.10,0.40,1057.55,402.31
8,4,3,93.80,3.90,1.80,0.50,1015.39,492.29
8,4,4,86.20,7.50,5.20,1.10,861.04,707.44
8,4,5,78.40,9.30,11.70,0.60,695.65,858.21
8,4,6,65.60,11.50,22.20,0.70,432.93,987.11
8,4,7,52.00,12.70,34.30,1.00,150.84,1042.09
8,4,8,41.10,14.70,43.30,0.90,-77.70,1031.07
8,4,9,29.30,12.90,57.40,0.40,-326.47,956.41
8,4,10,20.60,15.30,63.80,0.30,-512.72,853.99
8,4,11,14.00,13.90,72.10,0.00,-648.91,733.63
8,4,12,8.70,12.90,78.40,0.00,-770.45,601.48
8,4,13,5.60,13.50,80.90,0.00,-833.48,492.13
8,4,14,3.30,12.00,84.70,0.00,-885.08,387.88
8,4,15,2.30,11.20,86.50,0.00,-900.92,328.90
8,5,1,92.40,7.60,0.00,0.00,981.35,553.15
8,5,2,90.00,9.30,0.70,0.00,930.10,633.30
8,5,3,83.40,12.80,2.90,0.90,802.74,766.43
8,5,4,78.50,12.90,7.80,0.80,700.99,850.41
8,5,5,66.50,17.60,15.20,0.70,448.80,985.68
8,5,6,54.60,20.40,24.50,0.50,197.61,1042.45
8,5,7,42.30,21.30,35.80,0.60,-54.16,1032.52
8,5,8,31.20,21.00,47.20,0.60,-289.54,974.44
8,5,9,22.20,20.80,56.70,0.30,-476.11,875.35
8,5,10,12.60,22.20,64.90,0.30,-675.22,703.02
8,5,11,9.20,18.60,72.10,0.10,-754.99,615.16
8,5,12,5.10,17.30,77.60,0.00,-840.68,471.66
8,5,13,4.40,14.40,81.20,0.00,-856.43,441.70
8,5,14,1.60,15.90,82.50,0.00,-918.65,279.55
8,5,15,1.80,14.70,83.40,0.10,-913.02,297.01
8,6,1,83.30,16.70,0.00,0.00,789.74,785.64
8,6,2,77.50,20.70,1.60,0.20,670.50,876.83
8,6,3,73.70,20.50,4.90,0.90,600.43,912.93
8,6,4,64.30,26.60,8.70,0.40,399.07,1005.09
8,6,5,54.60,29.10,15.30,1.00,201.57,1038.97
8,6,6,42.60,31.40,25.30,0.70,-50.83,1038.46
8,6,7,32.60,37.00,30.20,0.20,-261.47,984.08
8,6,8,21.80,32.40,45.60,0.20,-487.66,870.08
8,6,9,16.90,30.10,52.90,0.10,-596.11,792.92
8,6,10,11.00,29.40,59.60,0.00,-721.68,665.13
8,6,11,7.00,27.40,65.60,0.00,-803.75,545.10
8,6,12,3.90,24.80,71.30,0.00,-866.89,417.64
8,6,13,3.20,23.40,73.40,0.00,-891.53,383.17
8,6,14,1.50,23.60,74.90,0.00,-923.32,271.39
8,6,15,0.90,20.50,78.60,0.00,-941.50,217.09
8,7,1,70.00,29.90,0.00,0.10,513.11,962.00
8,7,2,65.70,32.50,1.60,0.20,425.62,995.53
8,7,3,58.10,37.30,4.30,0.30,271.10,1031.58
8,7,4,49.20,39.10,11.20,0.50,86.78,1046.58
8,7,5,44.80,38.90,16.10,0.20,-12.55,1046.30
8,7,6,31.90,40.10,27.40,0.60,-273.01,978.22
8,7,7,22.90,40.30,36.60,0.20,-468.71,887.54
8,7,8,14.60,43.00,42.20,0.20,-638.94,746.86
8,7,9,9.20,38.70,52.10,0.00,-756.08,614.35
8,7,10,7.10,36.60,56.30,0.00,-800.28,547.20
8,7,11,4.50,32.50,63.00,0.00,-860.69,446.27
8,7,12,2.70,31.90,65.40,0.00,-897.51,353.45
8,7,13,2.40,26.50,71.10,0.00,-905.09,335.38
8,7,14,0.70,27.30,72.00,0.00,-942.44,196.09
8,7,15,0.90,22.50,76.60,0.00,-934.12,217.25
8,8,1,55.50,44.50,0.00,0.00,207.91,1047.70
8,8,2,53.90,43.90,2.00,0.20,176.60,1050.24
8,8,3,46.30,47.20,6.50,0.00,14.93,1052.72
8,8,4,39.00,49.20,11.40,0.40,-131.79,1027.76
8,8,5,29.90,51.20,18.70,0.20,-320.69,965.36
8,8,6,20.40,50.90,28.30,0.40,-518.67,851.26
8,8,7,15.90,50.00,34.10,0.00,-619.94,775.44
8,8,8,11.10,44.20,44.50,0.20,-713.08,666.77
8,8,9,7.70,41.50,50.70,0.10,-787.11,569.42
8,8,10,4.70,41.20,54.10,0.00,-851.23,454.95
8,8,11,2.90,38.60,58.50,0.00,-896.10,365.20
8,8,12,1.30,35.80,62.90,0.00,-929.97,254.91
8,8,13,1.20,29.10,69.70,0.00,-931.54,245.46
8,8,14,1.30,31.60,67.10,0.00,-926.87,254.96
8,8,15,0.30,28.50,71.20,0.00,-959.63,140.35
8,9,1,44.00,56.00,0.00,0.00,-30.50,1045.77
8,9,2,38.10,59.80,2.10,0.00,-154.66,1025.49
8,9,3,34.70,58.80,6.30,0.20,-224.79,1006.74
8,9,4,26.00,62.90,10.70,0.40,-395.77,922.72
8,9,5,21.20,62.80,15.60,0.40,-502.95,864.59
8,9,6,13.70,59.40,26.80,0.10,-658.96,728.97
8,9,7,10.70,55.40,33.90,0.00,-722.52,655.52
8,9,8,7.70,52.70,39.60,0.00,-791.98,568.98
8,9,9,6.20,47.00,46.70,0.10,-820.68,517.61
8,9,10,3.80,45.70,50.50,0.00,-877.03,413.83
8,9,11,1.40,42.40,56.20,0.00,-924.96,263.16
8,9,12,1.20,39.50,59.30,0.00,-931.04,245.66
8,9,13,0.60,36.40,63.00,0.00,-948.33,183.24
8,9,14,0.60,32.90,66.50,0.00,-946.66,183.71
8,9,15,0.50,34.60,64.90,0.00,-948.48,171.41
8,10,1,31.50,68.50,0.00,0.00,-294.50,981.13
8,10,2,26.30,71.40,2.30,0.00,-401.18,931.10
8,10,3,23.60,69.30,7.00,0.10,-453.57,896.63
8,10,4,16.40,70.00,13.40,0.20,-608.40,786.77
8,10,5,13.90,68.20,17.90,0.00,-662.29,734.14
8,10,6,9.60,62.80,27.60,0.00,-748.87,626.50
8,10,7,7.30,58.40,34.20,0.10,-799.88,556.29
8,10,8,3.80,58.60,37.50,0.10,-873.60,414.63
8,10,9,3.90,52.70,43.40,0.00,-871.88,418.79
8,10,10,2.80,49.70,47.50,0.00,-892.77,359.81
8,10,11,1.40,44.70,53.90,0.00,-929.58,262.37
8,10,12,0.70,43.40,55.90,0.00,-945.62,195.86
8,10,13,0.60,36.30,63.10,0.00,-949.03,183.08
8,10,14,0.80,36.30,62.90,0.00,-943.07,206.60
8,10,15,0.10,31.80,68.10,0.00,-953.86,107.63
8,11,1,23.40,76.60,0.00,0.00,-464.47,896.17
8,11,2,21.00,77.40,1.60,0.00,-511.53,862.36
8,11,3,15.70,78.50,5.80,0.00,-627.31,772.67
8,11,4,14.30,75.80,9.80,0.10,-649.94,743.69
8,11,5,9.80,73.60,16.50,0.10,-741.43,632.88
8,11,6,7.60,69.70,22.60,0.10,-788.48,566.03
8,11,7,5.50,64.90,29.60,0.00,-837.78,489.42
8,11,8,3.30,64.90,31.80,0.00,-884.95,388.19
8,11,9,2.90,56.70,40.40,0.00,-894.78,365.21
8,11,10,1.10,56.90,42.00,0.00,-932.63,236.86
8,11,11,1.00,51.10,47.90,0.00,-931.91,227.94
8,11,12,0.90,47.40,51.70,0.00,-937.45,216.77
8,11,13,0.50,41.60,57.90,0.00,-948.43,170.95
8,11,14,0.40,39.60,59.90,0.10,-953.12,159.13
8,11,15,0.10,35.40,64.50,0.00,-955.59,106.37
8,12,1,13.50,86.50,0.00,0.00,-674.53,727.70
8,12,2,13.20,85.50,1.30,0.00,-676.10,719.13
8,12,3,10.40,84.60,5.00,0.00,-734.16,650.36
8,12,4,8.40,81.00,10.60,0.00,-776.90,591.92
8,12,5,6.10,79.10,14.80,0.00,-825.20,513.49
8,12,6,3.80,72.50,23.70,0.00,-873.93,413.72
8,12,7,2.60,70.30,27.10,0.00,-897.96,348.09
8,12,8,1.70,65.00,33.30,0.00,-925.53,287.12
8,12,9,1.90,61.60,36.50,0.00,-917.94,301.75
8,12,10,0.30,59.10,40.50,0.10,-953.90,144.98
8,12,11,0.70,55.40,43.90,0.00,-944.47,195.23
8,12,12,0.60,52.00,47.40,0.00,-948.39,182.77
8,12,13,0.50,44.60,54.90,0.00,-948.11,171.11
8,12,14,0.10,41.60,58.30,0.00,-955.71,105.45
8,12,15,0.10,40.40,59.40,0.10,-956.88,110.46
8,13,1,10.00,90.00,0.00,0.00,-750.54,641.77
8,13,2,6.90,91.00,2.10,0.00,-813.62,543.05
8,13,3,6.80,87.10,6.10,0.00,-812.05,538.86
8,13,4,4.20,86.10,9.70,0.00,-868.36,433.35
8,13,5,4.90,81.60,13.50,0.00,-855.64,465.01
8,13,6,3.30,76.30,20.40,0.00,-883.43,387.65
8,13,7,2.10,76.70,21.20,0.00,-915.52,315.83
8,13,8,0.80,70.20,29.00,0.00,-940.66,206.86
8,13,9,0.70,60.70,38.60,0.00,-945.37,195.44
8,13,10,1.00,62.30,36.70,0.00,-939.57,227.03
8,13,11,0.20,60.30,39.50,0.00,-956.88,125.49
8,13,12,0.60,53.00,46.40,0.00,-948.99,183.33
8,13,13,0.20,48.10,51.70,0.00,-951.33,126.90
8,13,14,0.30,45.70,54.00,0.00,-953.82,141.68
8,13,15,0.00,43.30,56.70,0.00,-960.72,79.64
8,14,1,8.70,91.30,0.00,0.00,-777.95,603.31
8,14,2,7.50,91.10,1.40,0.00,-795.62,563.10
8,14,3,4.10,90.50,5.40,0.00,-868.93,428.67
8,14,4,3.90,86.50,9.60,0.00,-875.41,419.37
8,14,5,3.40,81.50,15.10,0.00,-888.93,393.02
8,14,6,1.60,78.10,20.30,0.00,-935.16,278.76
8,14,7,2.30,75.70,21.90,0.10,-913.90,330.79
8,14,8,0.70,72.80,26.50,0.00,-945.51,196.36
8,14,9,0.30,62.80,36.80,0.10,-951.55,147.14
8,14,10,0.50,62.70,36.80,0.00,-950.50,170.84
8,14,11,0.40,55.80,43.70,0.10,-950.81,161.28
8,14,12,0.30,54.20,45.50,0.00,-952.91,142.36
8,14,13,0.00,51.50,48.50,0.00,-963.62,78.37
8,14,14,0.20,47.00,52.80,0.00,-957.90,123.83
8,14,15,0.00,43.50,56.50,0.00,-959.68,80.58
8,15,1,4.00,96.00,0.00,0.00,-881.87,425.14
8,15,2,2.70,95.60,1.70,0.00,-902.79,354.45
8,15,3,2.50,92.80,4.70,0.00,-906.23,342.02
8,15,4,2.70,89.20,8.10,0.00,-903.97,354.64
8,15,5,1.40,85.80,12.80,0.00,-928.44,263.47
8,15,6,1.10,81.00,17.90,0.00,-936.81,237.11
8,15,7,1.10,76.80,22.10,0.00,-940.55,236.48
8,15,8,0.20,72.40,27.40,0.00,-951.80,127.37
8,15,9,0.60,66.60,32.80,0.00,-948.61,183.63
8,15,10,0.60,66.90,32.50,0.00,-946.47,183.63
8,15,11,0.10,63.30,36.60,0.00,-958.28,105.24
8,15,12,0.10,56.40,43.50,0.00,-954.03,107.56
8,15,13,0.10,52.10,47.70,0.10,-956.43,109.50
8,15,14,0.00,50.20,49.70,0.10,-957.54,88.80
8,15,15,0.00,48.20,51.80,0.00,-961.14,78.94
10,1,1,100.00,0.00,0.00,0.00,1127.76,16.76
10,1,2,100.00,0.00,0.00,0.00,1119.49,15.16
10,1,3,100.00,0.00,0.00,0.00,1112.95,14.74
10,1,4,99.20,0.00,0.70,0.10,1093.41,176.33
10,1,5,98.20,0.00,1.60,0.20,1070.01,263.71
10,1,6,97.50,0.00,2.00,0.50,1056.44,303.42
10,1,7,95.00,0.00,4.60,0.40,1003.64,438.44
10,1,8,90.90,0.00,8.70,0.40,919.03,586.42
10,1,9,84.00,0.00,15.20,0.80,779.84,749.63
10,1,10,76.30,0.00,23.20,0.50,616.90,881.79
10,1,11,68.10,0.00,31.70,0.20,449.58,964.78
10,1,12,57.40,0.00,42.40,0.20,228.32,1029.75
10,1,13,47.90,0.10,51.90,0.10,27.85,1043.60
10,1,14,37.00,0.00,62.90,0.10,-196.38,1010.81
10,1,15,32.50,0.00,67.40,0.10,-290.43,984.10
10,1,16,25.60,0.00,74.40,0.00,-428.48,915.00
10,1,17,19.10,0.00,80.90,0.00,-569.25,829.49
10,1,18,11.50,0.00,88.50,0.00,-725.58,673.17
10,1,19,10.20,0.00,89.80,0.00,-750.39,641.02
10,1,20,8.70,0.00,91.30,0.00,-782.03,597.74
10,1,21,4.00,0.00,96.00,0.00,-884.05,421.34
10,1,22,3.00,0.00,97.00,0.00,-906.71,368.82
10,1,23,2.00,0.00,98.00,0.00,-934.80,306.44
10,1,24,1.60,0.00,98.40,0.00,-934.22,276.30
10,2,1,99.70,0.30,0.00,0.00,1113.05,117.19
10,2,2,100.00,0.00,0.00,0.00,1113.98,14.50
10,2,3,99.40,0.00,0.40,0.20,1098.79,141.66
10,2,4,99.30,0.30,0.40,0.00,1091.48,175.47
10,2,5,98.10,0.50,1.00,0.40,1068.39,258.99
10,2,6,96.90,0.30,2.70,0.10,1038.64,354.60
10,2,7,94.50,0.40,4.80,0.30,990.52,465.34
10,2,8,88.50,0.00,10.70,0.80,873.88,642.17
10,2,9,81.70,0.50,17.30,0.50,729.09,798.68
10,2,10,73.90,1.10,24.40,0.60,569.67,906.96
10,2,11,60.20,1.40,38.20,0.20,283.96,1018.32
10,2,12,51.40,1.40,47.10,0.10,100.69,1042.10
10,2,13,43.00,1.30,55.70,0.00,-79.25,1037.82
10,2,14,37.20,1.80,61.00,0.00,-194.12,1013.78
10,2,15,23.90,1.70,74.40,0.00,-472.63,897.86
10,2,16,19.30,1.50,79.20,0.00,-563.82,829.87
10,2,17,16.90,1.70,81.40,0.00,-614.24,790.47
10,2,18,10.80,1.10,88.10,0.00,-743.11,657.27
10,2,19,7.90,1.60,90.50,0.00,-798.20,571.55
10,2,20,6.10,1.90,92.00,0.00,-844.09,511.33
10,2,21,3.80,2.10,94.10,0.00,-892.94,411.60
10,2,22,3.20,2.10,94.70,0.00,-901.88,379.75
10,2,23,1.60,1.40,97.00,0.00,-939.89,276.54
10,2,24,1.10,1.10,97.80,0.00,-945.18,233.57
10,3,1,99.40,0.60,0.00,0.00,1100.88,164.61
10,3,2,99.00,0.70,0.20,0.10,1088.84,202.75
10,3,3,98.60,0.70,0.40,0.30,1079.19,225.55
10,3,4,97.80,0.40,1.40,0.40,1060.40,285.47
10,3,5,97.60,0.40,1.80,0.20,1052.87,307.10
10,3,6,93.70,1.50,3.90,0.90,979.30,480.19
10,3,7,91.20,1.70,6.70,0.40,923.95,576.69
10,3,8,86.10,2.20,11.30,0.40,816.49,711.91
10,3,9,77.60,1.90,20.20,0.30,640.84,863.33
10,3,10,68.20,3.90,27.60,0.30,445.72,969.07
10,3,11,58.30,4.40,37.00,0.30,246.42,1021.43
10,3,12,48.60,3.20,47.90,0.30,40.60,1043.64
10,3,13,35.40,5.20,59.40,0.00,-231.66,998.53
10,3,14,28.90,4.70,66.30,0.10,-368.26,951.32
10,3,15,23.20,4.00,72.80,0.00,-485.27,885.42
10,3,16,18.30,4.10,77.50,0.10,-583.50,812.77
10,3,17,12.70,3.40,83.90,0.00,-699.78,701.80
10,3,18,7.90,4.00,88.10,0.00,-804.90,573.13
10,3,19,6.00,4.60,89.40,0.00,-839.90,506.65
10,3,20,3.70,4.20,92.10,0.00,-891.64,405.62
10,3,21,3.00,4.80,92.20,0.00,-906.74,368.43
10,3,22,2.10,4.30,93.60,0.00,-922.12,313.51
10,3,23,1.50,2.10,96.40,0.00,-940.31,267.95
10,3,24,0.70,3.10,96.20,0.00,-958.54,192.77
10,4,1,98.90,1.10,0.00,0.00,1084.69,220.14
10,4,2,99.00,0.70,0.30,0.00,1084.25,206.89
10,4,3,97.80,1.40,0.60,0.20,1058.95,295.70
10,4,4,97.80,1.10,0.90,0.20,1057.49,295.02
10,4,5,95.10,2.00,2.60,0.30,1001.19,439.96
10,4,6,90.70,3.50,5.30,0.50,911.33,592.66
10,4,7,87.90,2.70,8.70,0.70,854.75,666.24
10,4,8,83.30,3.70,12.40,0.60,760.79,767.50
10,4,9,69.90,4.60,25.10,0.40,482.92,949.51
10,4,10,60.40,6.30,32.70,0.60,287.33,1018.08
10,4,11,48.30,6.80,44.40,0.50,37.35,1041.02
10,4,12,43.10,6.70,50.10,0.10,-73.49,1032.50
10,4,13,33.00,7.90,59.10,0.00,-283.57,984.18
10,4,14,25.50,7.20,67.30,0.00,-438.68,913.25
10,4,15,16.90,7.50,75.60,0.00,-615.60,788.46
10,4,16,13.80,8.20,78.00,0.00,-677.14,726.04
10,4,17,10.00,8.40,81.60,0.00,-756.88,633.74
10,4,18,7.20,8.70,84.10,0.00,-815.28,548.60
10,4,19,6.00,7.30,86.70,0.00,-842.32,506.41
10,4,20,3.70,6.80,89.50,0.00,-892.00,405.11
10,4,21,2.90,5.70,91.40,0.00,-908.38,362.54
10,4,22,1.50,6.80,91.70,0.00,-942.25,269.38
10,4,23,1.70,5.10,93.20,0.00,-936.14,284.81
10,4,24,1.20,5.50,93.30,0.00,-946.95,244.37
10,5,1,96.70,3.30,0.00,0.00,1033.36,376.05
10,5,2,96.70,2.90,0.30,0.10,1033.89,370.26
10,5,3,97.20,2.00,0.50,0.30,1043.44,332.08
10,5,4,95.00,3.40,1.20,0.40,1001.18,438.66
10,5,5,91.60,3.60,4.00,0.80,933.37,556.37
10,5,6,85.60,5.70,8.10,0.60,806.86,720.49
10,5,7,82.60,6.20,11.00,0.20,741.24,787.09
10,5,8,74.70,6.70,17.90,0.70,584.81,895.13
10,5,9,66.70,7.20,25.40,0.70,417.53,976.05
10,5,10,55.60,10.80,33.10,0.50,187.19,1033.73
10,5,11,43.20,12.30,44.10,0.40,-72.40,1035.18
10,5,12,35.00,12.00,52.90,0.10,-242.04,999.16
10,5,13,28.40,11.30,60.30,0.00,-376.82,940.97
10,5,14,20.40,12.20,67.30,0.10,-544.67,847.65
10,5,15,15.20,12.10,72.70,0.00,-652.11,756.01
10,5,16,10.70,12.70,76.60,0.00,-744.25,652.37
10,5,17,7.10,11.60,81.30,0.00,-816.31,545.13
10,5,18,6.00,10.80,83.20,0.00,-842.63,506.38
10,5,19,3.80,10.30,85.90,0.00,-891.17,409.84
10,5,20,3.80,10.40,85.80,0.00,-892.73,410.89
10,5,21,1.30,7.00,91.70,0.00,-941.44,251.52
10,5,22,1.20,10.50,88.30,0.00,-946.00,242.46
10,5,23,0.80,9.50,89.70,0.00,-954.01,204.02
10,5,24,0.60,9.10,90.30,0.00,-960.33,180.77
10,6,1,95.80,4.20,0.00,0.00,1013.73,419.13
10,6,2,96.10,3.70,0.20,0.00,1019.45,402.24
10,6,3,92.20,6.60,1.00,0.20,940.08,553.07
10,6,4,90.70,6.90,2.20,0.20,908.29,600.60
10,6,5,87.80,7.50,4.00,0.70,853.62,667.35
10,6,6,80.90,9.30,9.10,0.70,711.99,807.73
10,6,7,73.40,12.40,13.20,1.00,556.37,911.95
10,6,8,64.60,15.00,19.10,1.30,379.00,986.48
10,6,9,55.20,16.10,28.50,0.20,176.50,1032.31
10,6,10,44.60,19.00,36.10,0.30,-44.29,1037.95
10,6,11,37.50,19.10,43.00,0.40,-188.11,1010.96
10,6,12,29.90,17.70,52.30,0.10,-348.43,958.30
10,6,13,23.90,16.30,59.80,0.00,-475.36,897.18
10,6,14,15.30,21.20,63.50,0.00,-651.56,756.34
10,6,15,14.70,19.90,65.40,0.00,-663.14,744.76
10,6,16,8.10,18.20,73.70,0.00,-796.60,577.23
10,6,17,5.00,15.40,79.60,0.00,-864.30,464.93
10,6,18,4.90,16.20,78.90,0.00,-868.83,461.60
10,6,19,2.20,17.50,80.30,0.00,-923.82,320.01
10,6,20,1.40,15.10,83.50,0.00,-944.58,261.10
10,6,21,0.80,13.00,86.20,0.00,-949.17,205.21
10,6,22,0.60,12.30,87.10,0.00,-958.93,180.81
10,6,23,1.10,12.00,86.90,0.00,-949.24,233.66
10,6,24,0.40,11.40,88.20,0.00,-967.17,152.74
10,7,1,92.50,7.50,0.00,0.00,943.03,551.68
10,7,2,90.80,8.70,0.30,0.20,910.97,596.55
10,7,3,87.90,10.80,1.10,0.20,847.19,680.47
10,7,4,82.10,15.10,2.50,0.30,731.24,792.22
10,7,5,80.90,13.30,5.10,0.70,710.20,807.12
10,7,6,72.50,17.40,9.40,0.70,536.50,923.15
10,7,7,67.00,17.00,15.60,0.40,420.94,977.84
10,7,8,56.60,20.90,21.80,0.70,208.59,1028.70
10,7,9,47.10,20.10,32.50,0.30,12.31,1037.32
10,7,10,38.40,25.30,36.30,0.00,-172.56,1015.88
10,7,11,31.80,22.20,45.80,0.20,-307.73,972.44
10,7,12,23.10,26.80,50.10,0.00,-492.75,886.73
10,7,13,17.20,23.10,59.50,0.20,-608.18,794.19
10,7,14,12.60,23.10,64.30,0.00,-706.21,698.35
10,7,15,10.40,24.20,65.40,0.00,-749.73,644.45
10,7,16,7.40,21.50,71.10,0.00,-815.00,555.82
10,7,17,5.10,19.40,75.50,0.00,-862.96,468.87
10,7,18,3.60,17.80,78.60,0.00,-895.90,400.37
10,7,19,3.20,18.30,78.50,0.00,-899.93,379.73
10,7,20,1.90,18.10,80.00,0.00,-932.41,298.79
10,7,21,1.40,16.40,82.20,0.00,-941.41,260.91
10,7,22,1.10,13.90,85.00,0.00,-949.63,234.45
10,7,23,0.40,13.60,86.00,0.00,-962.01,154.33
10,7,24,0.30,11.40,88.30,0.00,-965.76,139.37
10,8,1,88.10,11.90,0.00,0.00,851.41,674.70
10,8,2,82.70,16.60,0.70,0.00,741.39,787.45
10,8,3,81.30,16.20,2.20,0.30,714.34,808.65
10,8,4,77.10,19.00,3.40,0.50,632.71,866.49
10,8,5,73.20,19.40,6.90,0.50,552.47,913.56
10,8,6,67.20,22.50,10.00,0.30,425.06,976.73
10,8,7,59.40,23.90,16.40,0.30,263.77,1020.10
10,8,8,43.00,29.30,27.20,0.50,-76.41,1034.25
10,8,9,38.20,29.00,32.30,0.50,-170.37,1011.52
10,8,10,33.00,27.80,38.60,0.60,-270.30,977.73
10,8,11,26.10,30.00,43.70,0.20,-423.16,918.55
10,8,12,18.30,29.80,51.70,0.20,-593.32,814.92
10,8,13,13.60,27.00,59.40,0.00,-684.05,720.93
10,8,14,9.30,26.90,63.80,0.00,-774.81,613.80
10,8,15,7.40,28.60,64.00,0.00,-816.22,555.32
10,8,16,4.90,25.50,69.60,0.00,-867.21,460.89
10,8,17,2.80,25.30,71.90,0.00,-909.44,355.76
10,8,18,3.00,22.70,74.30,0.00,-912.01,367.91
10,8,19,1.90,20.30,77.80,0.00,-931.49,298.05
10,8,20,1.00,21.90,77.10,0.00,-948.43,224.43
10,8,21,0.40,19.70,79.90,0.00,-962.69,154.25
10,8,22,0.30,19.50,80.20,0.00,-963.33,139.83
10,8,23,0.30,17.10,82.60,0.00,-963.24,139.03
10,8,24,0.10,17.80,82.10,0.00,-968.28,101.73
10,9,1,79.30,20.70,0.00,0.00,668.54,845.88
10,9,2,74.90,24.60,0.50,0.00,579.82,903.49
10,9,3,73.70,23.10,2.70,0.50,561.31,910.19
10,9,4,69.40,26.50,3.90,0.20,469.85,957.05
10,9,5,62.10,30.10,7.40,0.40,319.44,1009.93
10,9,6,54.90,31.70,13.30,0.10,169.55,1033.24
10,9,7,46.80,32.40,20.60,0.20,-0.93,1044.16
10,9,8,38.10,35.60,26.00,0.30,-177.59,1012.20
10,9,9,31.60,34.70,33.40,0.30,-310.88,971.36
10,9,10,26.40,37.70,35.70,0.20,-420.82,923.90
10,9,11,20.60,36.40,42.80,0.20,-536.81,847.15
10,9,12,13.10,38.00,48.90,0.00,-694.11,707.49
10,9,13,9.00,34.50,56.50,0.00,-781.68,605.67
10,9,14,7.70,33.30,59.00,0.00,-808.66,564.39
10,9,15,5.00,33.70,61.30,0.00,-862.73,464.11
10,9,16,3.10,32.80,64.10,0.00,-904.84,372.98
10,9,17,2.90,27.10,70.00,0.00,-913.20,362.19
10,9,18,2.00,28.80,69.20,0.00,-928.95,305.78
10,9,19,1.10,23.70,75.20,0.00,-948.23,234.29
10,9,20,0.50,28.70,70.80,0.00,-966.29,166.78
10,9,21,0.60,24.80,74.60,0.00,-960.50,179.60
10,9,22,0.40,23.40,76.20,0.00,-962.84,153.88
10,9,23,0.30,20.80,78.90,0.00,-969.22,136.75
10,9,24,0.00,19.20,80.80,0.00,-971.59,75.69
10,10,1,69.50,30.50,0.00,0.00,467.98,958.31
10,10,2,67.60,31.80,0.50,0.10,430.67,974.05
10,10,3,62.00,34.10,3.50,0.40,316.06,1011.31
10,10,4,59.80,35.60,4.40,0.20,272.10,1017.25
10,10,5,50.70,38.70,9.70,0.90,87.97,1040.18
10,10,6,46.20,35.50,17.90,0.40,-6.09,1038.70
10,10,7,38.90,38.20,22.80,0.10,-162.79,1017.30
10,10,8,28.30,40.60,30.90,0.20,-380.40,941.51
10,10,9,28.10,37.50,34.30,0.10,-386.01,943.38
10,10,10,17.80,43.30,38.90,0.00,-595.54,800.58
10,10,11,13.90,38.00,48.10,0.00,-684.89,729.94
10,10,12,11.60,36.10,52.30,0.00,-730.67,675.75
10,10,13,6.50,37.50,56.00,0.00,-835.38,524.14
10,10,14,5.60,33.30,61.10,0.00,-854.05,489.84
10,10,15,4.00,34.10,61.90,0.00,-887.10,420.50
10,10,16,2.70,30.20,67.10,0.00,-912.51,350.68
10,10,17,2.40,29.30,68.30,0.00,-919.60,332.30
10,10,18,0.70,27.70,71.60,0.00,-957.41,192.73
10,10,19,0.90,24.40,74.70,0.00,-953.78,214.25
10,10,20,0.70,24.40,74.90,0.00,-957.83,193.35
10,10,21,0.80,23.30,75.90,0.00,-959.98,202.83
10,10,22,0.30,23.00,76.70,0.00,-966.28,138.87
10,10,23,0.00,23.20,76.80,0.00,-976.99,72.48
10,10,24,0.20,19.30,80.50,0.00,-970.61,120.11
10,11,1,58.40,41.60,0.00,0.00,237.84,1028.09
10,11,2,56.30,42.20,1.40,0.10,197.99,1035.48
10,11,3,54.00,43.00,2.70,0.30,149.63,1040.12
10,11,4,49.10,44.90,5.70,0.30,51.80,1042.22
10,11,5,42.10,48.60,9.00,0.30,-94.62,1030.74
10,11,6,36.30,47.50,15.90,0.30,-211.62,1004.08
10,11,7,28.50,48.40,23.10,0.00,-381.78,947.61
10,11,8,21.90,53.40,24.50,0.20,-515.40,868.45
10,11,9,20.00,45.80,34.20,0.00,-558.44,840.46
10,11,10,15.30,50.00,34.60,0.10,-647.98,756.01
10,11,11,9.60,45.20,45.20,0.00,-766.12,621.47
10,11,12,6.90,44.70,48.40,0.00,-827.05,536.82
10,11,13,5.00,41.70,53.30,0.00,-866.41,462.67
10,11,14,3.20,39.70,57.10,0.00,-906.37,379.23
10,11,15,3.30,41.00,55.70,0.00,-902.40,384.65
10,11,16,2.20,38.70,59.10,0.00,-924.52,320.07
10,11,17,1.40,33.90,64.70,0.00,-942.25,260.45
10,11,18,1.10,31.40,67.50,0.00,-945.70,232.57
10,11,19,0.90,28.20,70.90,0.00,-954.43,214.44
10,11,20,0.30,28.60,71.10,0.00,-967.47,138.17
10,11,21,0.00,29.60,70.40,0.00,-972.02,76.58
10,11,22,0.10,26.40,73.50,0.00,-973.14,99.90
10,11,23,0.00,23.70,76.30,0.00,-980.11,68.50
10,11,24,0.00,23.10,76.90,0.00,-975.85,71.74
10,12,1,51.30,48.70,0.00,0.00,94.16,1043.15
10,12,2,46.30,53.10,0.60,0.00,-9.21,1041.86
10,12,3,41.30,55.60,3.10,0.00,-113.88,1030.53
10,12,4,39.80,53.20,7.00,0.00,-142.71,1022.58
10,12,5,33.30,55.10,11.60,0.00,-278.68,986.75
10,12,6,30.60,52.90,16.30,0.20,-334.55,964.17
10,12,7,22.80,54.40,22.70,0.10,-496.33,880.81
10,12,8,16.20,56.50,27.30,0.00,-638.44,776.24
10,12,9,13.80,53.50,32.70,0.00,-682.87,726.40
10,12,10,11.10,56.50,32.40,0.00,-738.60,662.05
10,12,11,8.10,50.70,41.20,0.00,-797.13,576.06
10,12,12,7.00,49.80,43.20,0.00,-820.19,540.87
10,12,13,3.60,48.20,48.20,0.00,-895.89,398.73
10,12,14,3.10,44.70,52.20,0.00,-904.58,373.33
10,12,15,1.20,45.30,53.50,0.00,-954.47,241.75
10,12,16,1.40,37.60,61.00,0.00,-942.48,260.44
10,12,17,1.10,37.20,61.70,0.00,-950.87,234.52
10,12,18,0.80,33.90,65.30,0.00,-958.76,201.87
10,12,19,0.80,29.30,69.90,0.00,-957.33,202.54
10,12,20,0.20,33.50,66.30,0.00,-973.83,119.63
10,12,21,0.30,33.60,66.10,0.00,-968.94,137.47
10,12,22,0.20,27.70,72.10,0.00,-967.74,120.56
10,12,23,0.20,30.40,69.40,0.00,-965.55,120.88
10,12,24,0.10,26.60,73.30,0.00,-973.43,96.96
10,13,1,40.40,59.60,0.00,0.00,-134.66,1027.74
10,13,2,36.90,61.30,1.70,0.10,-204.78,1011.46
10,13,3,35.00,61.90,3.00,0.10,-243.94,998.95
10,13,4,30.60,63.80,5.50,0.10,-334.04,966.35
10,13,5,28.00,62.30,9.70,0.00,-386.73,939.05
10,13,6,21.70,64.00,14.30,0.00,-515.05,863.25
10,13,7,17.10,61.00,21.80,0.10,-614.71,793.06
10,13,8,13.40,59.40,27.10,0.10,-693.70,719.97
10,13,9,10.90,58.70,30.40,0.00,-746.37,657.88
10,13,10,7.90,63.00,29.10,0.00,-806.98,570.84
10,13,11,5.40,59.40,35.20,0.00,-858.10,480.64
10,13,12,2.80,57.00,40.20,0.00,-909.93,356.57
10,13,13,2.70,50.30,47.00,0.00,-913.49,350.42
10,13,14,2.50,49.80,47.70,0.00,-918.80,338.59
10,13,15,1.60,47.50,50.90,0.00,-938.90,275.68
10,13,16,0.70,44.60,54.70,0.00,-960.63,192.84
10,13,17,0.40,43.10,56.50,0.00,-967.00,152.59
10,13,18,0.60,41.20,58.20,0.00,-962.15,180.02
10,13,19,0.20,36.40,63.40,0.00,-966.58,122.77
10,13,20,0.20,37.70,62.10,0.00,-971.24,119.45
10,13,21,0.20,34.80,65.00,0.00,-968.27,120.66
10,13,22,0.00,34.00,66.00,0.00,-973.21,73.76
10,13,23,0.00,32.20,67.80,0.00,-973.97,72.52
10,13,24,0.00,29.70,70.30,0.00,-972.15,73.14
10,14,1,31.00,69.00,0.00,0.00,-332.75,972.26
10,14,2,29.70,68.50,1.80,0.00,-354.82,958.97
10,14,3,24.90,72.40,2.70,0.00,-452.03,907.68
10,14,4,24.20,68.90,6.90,0.00,-471.85,902.39
10,14,5,20.20,69.20,10.50,0.10,-550.11,845.14
10,14,6,13.90,67.60,18.50,0.00,-683.45,729.26
10,14,7,11.70,67.20,21.10,0.00,-728.98,678.28
10,14,8,10.40,64.80,24.80,0.00,-757.93,647.34
10,14,9,6.10,64.30,29.60,0.00,-845.71,509.71
10,14,10,4.60,62.60,32.80,0.00,-876.00,447.91
10,14,11,3.60,61.20,35.20,0.00,-894.69,399.07
10,14,12,2.20,57.20,40.60,0.00,-925.61,319.16
10,14,13,2.90,53.90,43.20,0.00,-915.76,363.05
10,14,14,1.40,48.00,50.60,0.00,-941.88,260.74
10,14,15,0.60,45.90,53.50,0.00,-963.80,179.89
10,14,16,0.80,45.80,53.40,0.00,-956.57,202.82
10,14,17,0.80,44.50,54.70,0.00,-956.58,203.41
10,14,18,0.30,37.50,62.20,0.00,-970.24,137.28
10,14,19,0.20,35.30,64.50,0.00,-970.09,119.42
10,14,20,0.30,39.20,60.50,0.00,-968.22,137.55
10,14,21,0.10,38.00,61.90,0.00,-972.66,98.26
10,14,22,0.10,33.60,66.30,0.00,-969.85,99.74
10,14,23,0.10,31.80,68.10,0.00,-975.56,95.78
10,14,24,0.00,30.30,69.70,0.00,-969.48,75.76
10,15,1,24.50,75.50,0.00,0.00,-465.16,905.43
10,15,2,23.20,75.50,1.30,0.00,-491.64,887.96
10,15,3,22.00,74.10,3.90,0.00,-510.65,872.44
10,15,4,17.10,76.20,6.70,0.00,-616.62,794.27
10,15,5,15.30,73.60,11.10,0.00,-651.84,760.03
10,15,6,13.40,68.40,18.10,0.10,-690.93,719.23
10,15,7,10.10,73.20,16.70,0.00,-758.25,636.56
10,15,8,8.50,65.60,25.90,0.00,-788.28,589.58
10,15,9,6.20,64.90,28.90,0.00,-847.13,514.65
10,15,10,3.80,67.50,28.70,0.00,-894.95,411.02
10,15,11,3.40,61.50,35.10,0.00,-899.24,390.19
10,15,12,2.10,57.40,40.50,0.00,-928.93,312.59
10,15,13,1.40,56.20,42.40,0.00,-948.68,259.73
10,15,14,1.00,54.90,44.10,0.00,-947.97,224.69
10,15,15,0.70,51.20,48.10,0.00,-956.39,192.03
10,15,16,0.50,46.30,53.20,0.00,-962.08,167.52
10,15,17,0.20,45.50,54.30,0.00,-965.27,122.68
10,15,18,0.00,42.20,57.80,0.00,-971.07,75.68
10,15,19,0.20,41.20,58.60,0.00,-969.36,120.85
10,15,20,0.10,40.60,59.30,0.00,-969.57,101.13
10,15,21,0.00,38.60,61.40,0.00,-973.37,72.22
10,15,22,0.00,37.80,62.20,0.00,-974.02,72.37
10,15,23,0.00,33.80,66.20,0.00,-974.52,71.85
10,15,24,0.00,33.80,66.20,0.00,-969.87,74.86
10,16,1,20.40,79.60,0.00,0.00,-549.20,849.77
10,16,2,20.20,78.60,1.20,0.00,-549.87,845.66
10,16,3,15.00,80.70,4.30,0.00,-658.77,753.46
10,16,4,13.10,80.50,6.40,0.00,-700.16,714.14
10,16,5,11.30,78.80,9.90,0.00,-733.33,669.41
10,16,6,7.90,76.60,15.50,0.00,-806.49,573.57
10,16,7,5.80,75.00,19.20,0.00,-849.48,498.27
10,16,8,5.50,72.70,21.80,0.00,-852.40,484.75
10,16,9,3.30,68.10,28.60,0.00,-902.47,384.96
10,16,10,2.20,67.60,30.20,0.00,-925.01,319.92
10,16,11,1.80,66.00,32.20,0.00,-936.87,291.96
10,16,12,2.20,62.60,35.20,0.00,-926.45,319.73
10,16,13,0.40,58.50,41.10,0.00,-962.30,155.93
10,16,14,0.90,54.00,45.10,0.00,-947.90,215.22
10,16,15,1.00,52.80,46.20,0.00,-949.89,224.27
10,16,16,0.50,47.80,51.70,0.00,-961.52,168.43
10,16,17,0.40,48.30,51.30,0.00,-966.04,152.84
10,16,18,0.30,43.90,55.80,0.00,-970.15,137.45
10,16,19,0.20,41.00,58.80,0.00,-973.59,117.46
10,16,20,0.10,45.90,54.00,0.00,-969.70,101.02
10,16,21,0.10,43.40,56.50,0.00,-973.42,98.42
10,16,22,0.10,38.30,61.60,0.00,-969.00,99.90
10,16,23,0.00,40.30,59.70,0.00,-968.15,75.76
10,16,24,0.20,35.30,64.50,0.00,-965.77,120.48
10,17,1,12.60,87.40,0.00,0.00,-711.55,702.57
10,17,2,10.80,87.60,1.60,0.00,-746.17,657.44
10,17,3,11.30,85.10,3.60,0.00,-738.94,671.70
10,17,4,9.70,82.90,7.40,0.00,-767.45,626.52
10,17,5,7.40,82.30,10.30,0.00,-814.12,555.80
10,17,6,4.90,79.80,15.30,0.00,-871.02,462.04
10,17,7,5.40,76.70,17.90,0.00,-856.82,483.24
10,17,8,3.20,79.60,17.20,0.00,-904.91,379.81
10,17,9,2.40,72.30,25.30,0.00,-918.39,332.04
10,17,10,2.00,72.10,25.90,0.00,-933.03,305.78
10,17,11,2.50,66.40,31.10,0.00,-918.52,339.28
10,17,12,0.80,66.30,32.90,0.00,-953.12,204.04
10,17,13,0.80,60.80,38.40,0.00,-955.08,203.73
10,17,14,0.30,60.10,39.60,0.00,-970.13,137.76
10,17,15,0.10,55.30,44.60,0.00,-976.10,98.13
10,17,16,0.30,53.40,46.30,0.00,-966.13,138.83
10,17,17,0.00,52.70,47.30,0.00,-973.75,74.26
10,17,18,0.20,45.50,54.30,0.00,-973.02,119.00
10,17,19,0.20,44.00,55.80,0.00,-973.32,118.18
10,17,20,0.10,50.50,49.40,0.00,-970.21,99.95
10,17,21,0.00,44.30,55.70,0.00,-975.18,70.82
10,17,22,0.10,42.20,57.70,0.00,-972.48,96.61
10,17,23,0.00,37.80,62.20,0.00,-970.83,73.95
10,17,24,0.00,39.60,60.40,0.00,-970.59,73.65
10,18,1,11.10,88.90,0.00,0.00,-746.75,666.95
10,18,2,9.40,89.40,1.20,0.00,-779.37,619.30
10,18,3,8.80,88.80,2.40,0.00,-790.58,602.29
10,18,4,6.90,85.90,7.20,0.00,-829.04,540.74
10,18,5,4.80,84.10,11.10,0.00,-873.78,457.60
10,18,6,4.00,81.70,14.30,0.00,-888.85,419.91
10,18,7,3.20,79.30,17.50,0.00,-904.57,379.38
10,18,8,2.30,78.40,19.30,0.00,-924.01,325.55
10,18,9,2.00,73.00,25.00,0.00,-931.03,305.09
10,18,10,1.30,75.40,23.30,0.00,-945.16,252.16
10,18,11,0.80,71.20,28.00,0.00,-960.45,202.98
10,18,12,0.70,67.50,31.80,0.00,-961.59,192.37
10,18,13,0.80,63.90,35.30,0.00,-954.72,203.12
10,18,14,0.10,60.80,39.10,0.00,-971.99,101.34
10,18,15,0.20,59.90,39.90,0.00,-966.93,121.89
10,18,16,0.10,56.70,43.20,0.00,-976.91,97.81
10,18,17,0.00,53.60,46.40,0.00,-978.06,69.81
10,18,18,0.00,49.10,50.90,0.00,-975.56,72.21
10,18,19,0.10,45.20,54.70,0.00,-968.14,101.30
10,18,20,0.00,49.00,51.00,0.00,-971.61,75.12
10,18,21,0.00,47.50,52.50,0.00,-969.86,75.35
10,18,22,0.00,46.50,53.50,0.00,-975.28,70.21
10,18,23,0.00,42.70,57.30,0.00,-973.47,71.14
10,18,24,0.00,42.80,57.20,0.00,-971.56,72.60
10,19,1,6.70,93.30,0.00,0.00,-832.96,532.49
10,19,2,7.60,91.20,1.20,0.00,-817.42,565.74
10,19,3,5.90,91.00,3.10,0.00,-847.80,502.54
10,19,4,3.40,90.80,5.80,0.00,-905.11,390.73
10,19,5,3.80,87.70,8.50,0.00,-891.45,409.60
10,19,6,3.60,84.20,12.20,0.00,-901.07,401.13
10,19,7,3.10,80.20,16.70,0.00,-910.08,374.56
10,19,8,1.00,82.20,16.80,0.00,-951.78,223.83
10,19,9,0.60,74.50,24.90,0.00,-964.84,181.09
10,19,10,1.10,77.70,21.20,0.00,-955.00,233.00
10,19,11,0.70,71.50,27.80,0.00,-961.90,192.02
10,19,12,0.10,70.10,29.80,0.00,-971.23,102.20
10,19,13,0.40,67.40,32.20,0.00,-966.15,153.19
10,19,14,0.30,65.10,34.60,0.00,-966.83,138.78
10,19,15,0.10,63.00,36.90,0.00,-974.02,99.99
10,19,16,0.00,58.50,41.50,0.00,-978.69,69.85
10,19,17,0.00,52.30,47.70,0.00,-974.13,72.03
10,19,18,0.10,48.70,51.20,0.00,-972.79,98.14
10,19,19,0.10,48.30,51.60,0.00,-969.75,99.73
10,19,20,0.00,54.70,45.30,0.00,-974.25,71.91
10,19,21,0.10,49.80,50.10,0.00,-971.73,98.46
10,19,22,0.00,49.40,50.60,0.00,-971.05,73.24
10,19,23,0.00,48.10,51.90,0.00,-970.60,73.63
10,19,24,0.00,42.10,57.90,0.00,-971.37,72.13
10,20,1,5.50,94.50,0.00,0.00,-863.25,488.00
10,20,2,5.10,93.30,1.60,0.00,-874.04,471.24
10,20,3,4.10,93.10,2.80,0.00,-891.77,425.99
10,20,4,3.20,91.00,5.80,0.00,-902.73,380.39
10,20,5,2.90,87.60,9.50,0.00,-911.85,363.96
10,20,6,2.10,84.50,13.40,0.00,-931.45,313.16
10,20,7,1.50,83.80,14.70,0.00,-940.52,268.63
10,20,8,1.50,77.00,21.50,0.00,-944.26,267.91
10,20,9,0.80,75.70,23.50,0.00,-958.92,203.34
10,20,10,0.80,73.50,25.70,0.00,-955.04,204.00
10,20,11,0.30,72.30,27.40,0.00,-970.49,137.35
10,20,12,0.60,66.00,33.40,0.00,-964.97,179.57
10,20,13,0.40,60.50,39.10,0.00,-966.15,152.66
10,20,14,0.10,59.80,40.10,0.00,-975.64,98.15
10,20,15,0.10,55.30,44.60,0.00,-974.01,98.53
10,20,16,0.10,54.50,45.40,0.00,-970.52,100.45
10,20,17,0.10,52.60,47.30,0.00,-972.45,98.17
10,20,18,0.10,49.50,50.40,0.00,-973.99,97.36
10,20,19,0.00,44.60,55.40,0.00,-969.58,74.49
10,20,20,0.00,51.00,49.00,0.00,-975.76,69.51
10,20,21,0.00,47.40,52.60,0.00,-973.90,70.50
10,20,22,0.00,44.10,55.90,0.00,-973.51,70.52
10,20,23,0.10,40.40,59.50,0.00,-966.80,100.34
10,20,24,0.00,40.80,59.20,0.00,-972.64,71.13
10,21,1,4.40,95.60,0.00,0.00,-884.48,439.98
10,21,2,3.80,95.20,1.00,0.00,-900.31,412.10
10,21,3,3.00,94.90,2.10,0.00,-911.49,369.81
10,21,4,2.20,91.90,5.90,0.00,-933.16,320.60
10,21,5,2.20,89.80,8.00,0.00,-933.03,318.39
10,21,6,1.70,86.30,12.00,0.00,-935.45,284.87
10,21,7,1.40,85.50,13.10,0.00,-947.96,259.64
10,21,8,1.40,81.50,17.10,0.00,-947.69,261.48
10,21,9,0.60,76.70,22.70,0.00,-962.23,179.62
10,21,10,0.60,77.00,22.40,0.00,-960.46,180.81
10,21,11,0.40,71.50,28.10,0.00,-970.14,151.01
10,21,12,0.40,66.60,33.00,0.00,-964.75,153.95
10,21,13,0.30,61.40,38.30,0.00,-968.21,137.85
10,21,14,0.10,64.10,35.80,0.00,-966.83,102.95
10,21,15,0.20,58.60,41.20,0.00,-971.22,119.45
10,21,16,0.00,57.10,42.90,0.00,-974.78,71.68
10,21,17,0.00,52.90,47.10,0.00,-978.74,68.23
10,21,18,0.20,48.50,51.30,0.00,-964.99,121.79
10,21,19,0.00,46.80,53.20,0.00,-974.20,71.14
10,21,20,0.00,49.70,50.30,0.00,-974.41,69.24
10,21,21,0.00,47.60,52.40,0.00,-972.90,71.18
10,21,22,0.00,44.50,55.50,0.00,-969.11,74.44
10,21,23,0.00,45.10,54.90,0.00,-972.08,71.29
10,21,24,0.00,40.80,59.20,0.00,-971.21,71.95
10,22,1,2.90,97.10,0.00,0.00,-914.93,363.48
10,22,2,1.60,97.20,1.20,0.00,-943.68,277.13
10,22,3,2.30,95.20,2.50,0.00,-929.52,326.65
10,22,4,2.70,92.60,4.70,0.00,-914.82,351.62
10,22,5,1.70,89.40,8.90,0.00,-938.64,284.74
10,22,6,1.30,88.20,10.50,0.00,-947.55,251.62
10,22,7,1.10,85.10,13.80,0.00,-951.45,233.82
10,22,8,0.70,80.70,18.60,0.00,-965.76,191.39
10,22,9,0.70,79.00,20.30,0.00,-962.24,191.83
10,22,10,0.50,77.40,22.10,0.00,-967.46,165.99
10,22,11,0.90,71.80,27.30,0.00,-956.19,214.44
10,22,12,0.00,71.80,28.20,0.00,-974.62,73.22
10,22,13,0.40,67.20,32.40,0.00,-965.35,152.78
10,22,14,0.00,62.70,37.30,0.00,-975.10,72.81
10,22,15,0.00,62.50,37.50,0.00,-976.96,70.13
10,22,16,0.00,55.80,44.20,0.00,-970.78,75.45
10,22,17,0.00,54.70,45.30,0.00,-977.43,68.06
10,22,18,0.00,52.90,47.10,0.00,-974.58,70.87
10,22,19,0.10,48.80,51.10,0.00,-969.60,97.98
10,22,20,0.00,52.80,47.20,0.00,-972.02,72.67
10,22,21,0.00,48.70,51.30,0.00,-973.42,70.22
10,22,22,0.00,47.40,52.60,0.00,-973.43,70.52
10,22,23,0.00,43.80,56.20,0.00,-975.80,67.22
10,22,24,0.00,41.50,58.50,0.00,-974.39,68.57
10,23,1,2.90,97.10,0.00,0.00,-918.70,363.53
10,23,2,2.00,96.50,1.50,0.00,-935.16,306.96
10,23,3,1.70,94.90,3.40,0.00,-943.37,284.16
10,23,4,1.00,94.20,4.80,0.00,-956.40,224.52
10,23,5,0.40,91.50,8.10,0.00,-966.12,154.71
10,23,6,1.30,88.80,9.90,0.00,-948.02,251.85
10,23,7,0.60,86.20,13.20,0.00,-958.84,181.76
10,23,8,0.70,82.50,16.80,0.00,-961.15,191.06
10,23,9,0.40,79.60,20.00,0.00,-968.54,152.19
10,23,10,0.00,77.70,22.30,0.00,-970.43,77.35
10,23,11,0.30,74.50,25.20,0.00,-971.30,135.57
10,23,12,0.10,71.80,28.10,0.00,-973.16,99.33
10,23,13,0.00,69.40,30.60,0.00,-977.86,69.51
10,23,14,0.10,66.10,33.80,0.00,-974.58,97.54
10,23,15,0.00,62.70,37.30,0.00,-974.99,71.22
10,23,16,0.10,61.00,38.90,0.00,-973.60,98.07
10,23,17,0.10,57.20,42.70,0.00,-974.27,96.08
10,23,18,0.00,51.00,49.00,0.00,-977.89,67.35
10,23,19,0.00,50.10,49.90,0.00,-977.18,68.44
10,23,20,0.00,55.00,45.00,0.00,-971.19,72.90
10,23,21,0.00,50.00,50.00,0.00,-971.57,72.12
10,23,22,0.00,47.90,52.10,0.00,-977.01,65.68
10,23,23,0.00,46.60,53.40,0.00,-970.11,72.24
10,23,24,0.00,45.10,54.90,0.00,-969.65,72.53
10,24,1,1.40,98.60,0.00,0.00,-948.80,260.83
10,24,2,1.30,98.10,0.60,0.00,-952.70,250.91
10,24,3,1.80,95.20,3.00,0.00,-945.42,292.36
10,24,4,0.70,96.00,3.30,0.00,-962.09,192.43
10,24,5,0.50,91.50,8.00,0.00,-964.05,167.72
10,24,6,0.10,89.90,10.00,0.00,-972.87,102.06
10,24,7,0.10,88.50,11.40,0.00,-974.32,100.37
10,24,8,0.40,84.70,14.90,0.00,-965.44,153.89
10,24,9,0.10,81.80,18.10,0.00,-972.53,99.78
10,24,10,0.00,80.80,19.20,0.00,-974.16,73.09
10,24,11,0.00,75.00,25.00,0.00,-976.65,71.20
10,24,12,0.30,72.00,27.70,0.00,-969.53,136.38
10,24,13,0.00,69.50,30.50,0.00,-976.55,70.98
10,24,14,0.00,68.60,31.40,0.00,-976.72,70.34
10,24,15,0.10,63.60,36.30,0.00,-971.97,98.46
10,24,16,0.00,58.00,42.00,0.00,-971.39,73.60
10,24,17,0.10,55.80,44.10,0.00,-970.75,98.54
10,24,18,0.00,50.80,49.20,0.00,-975.29,69.51
10,24,19,0.00,51.60,48.40,0.00,-970.43,73.78
10,24,20,0.00,54.50,45.50,0.00,-972.58,71.45
10,24,21,0.00,53.50,46.50,0.00,-976.24,67.42
10,24,22,0.00,51.80,48.20,0.00,-969.70,73.67
10,24,23,0.00,46.80,53.20,0.00,-970.64,71.44
10,24,24,0.10,47.20,52.70,0.00,-971.64,96.05
